name,owner,email,phone,dateOfBirth,policyNumber,carrier,policyType,effectiveDate,premium,coverageAmount,status,premiumFrequency
Ethan Morgan,Ethan Morgan,ethan.morgan@example.com,+15555556667,1991-06-24,AI5400992,AIG,Mortgage Protection,2019-01-31,33,110000,Active,monthly
Joanne Murphy,Joanne Murphy,joanne.murphy@example.com,+15555554396,1966-11-11,FO6241257,Foresters,Term Life,2025-02-11,1068,990000,Active,annual
Danielle Price,Danielle Price,danielle.price@example.com,+15555559348,1961-11-13,BA9657853,Banner Life,Mortgage Protection,2020-07-22,48,295000,Active,monthly
Brenda Adams,Brenda Adams,brenda.adams@example.com,+15555553074,1990-08-29,AM8729529,Americo,Mortgage Protection,2025-08-30,237,240000,Active,quarterly
Eric Larson,Eric Larson,eric.larson@example.com,+15555552443,1983-01-26,MU8215702,Mutual of Omaha,IUL,2022-10-31,279,275000,Active,monthly
Evelyn Gardner,Evelyn Gardner,evelyn.gardner@example.com,+15555553335,1990-11-19,AM7118949,Americo,Whole Life,2022-04-18,125,250000,Lapsed,monthly
Susan Meyer,Susan Meyer,susan.meyer@example.com,+15555553535,1978-06-03,AM8247513,Americo,Mortgage Protection,2020-08-20,53,240000,Lapsed,monthly
Nancy Tucker,Nancy Tucker,nancy.tucker@example.com,+15555555824,1959-03-22,PR9777801,Prudential,Term Life,2021-02-03,89,455000,Pending,monthly
Donna Walsh,Donna Walsh,donna.walsh@example.com,+15555551278,1989-11-04,PR5816884,Prudential,IUL,2019-01-02,164,455000,Active,monthly
Nicole Spencer,Nicole Spencer,nicole.spencer@example.com,+15555552058,1969-01-01,BA4964998,Banner Life,Whole Life,2020-11-25,183,160000,Lapsed,monthly
Luke Wood,Luke Wood,luke.wood@example.com,+15555554904,1976-03-11,PR3878040,Prudential,Term Life,2021-11-02,84,915000,Active,monthly
Samantha Larson,Samantha Larson,samantha.larson@example.com,+15555554128,1973-03-04,AM5830075,American-Amicable,Whole Life,2023-12-22,78,100000,Active,monthly
Cindy Murray,Cindy Murray,cindy.murray@example.com,+15555554613,1983-07-28,AM3275828,Americo,IUL,2020-06-03,136,840000,Active,monthly
Jeffrey Martin,Jeffrey Martin,jeffrey.martin@example.com,+15555555099,1963-09-08,MU5413193,Mutual of Omaha,Mortgage Protection,2025-03-02,38,200000,Active,monthly
Austin Stewart,Austin Stewart,austin.stewart@example.com,+15555551283,1973-04-15,TR2745723,Transamerica,IUL,2023-10-01,193,845000,Active,monthly
Victor Castro,Victor Castro,victor.castro@example.com,+15555558709,1973-09-05,TR3645139,Transamerica,Whole Life,2020-01-27,597,85000,Active,quarterly
Greg Hudson,Greg Hudson,greg.hudson@example.com,+15555556463,1991-12-17,AM7913823,Americo,Whole Life,2024-03-09,70,240000,Active,monthly
Maria Sanchez,Maria Sanchez,maria.sanchez@example.com,+15555559568,1959-08-10,JO7347323,John Hancock,Mortgage Protection,2026-06-16,99,240000,Active,quarterly
Brandon Clark,Brandon Clark,brandon.clark@example.com,+15555552775,1961-04-02,FO4296851,Foresters,Term Life,2021-12-25,83,760000,Active,monthly
Raymond Jordan,Raymond Jordan,raymond.jordan@example.com,+15555553061,1995-12-27,AI3231782,AIG,Whole Life,2019-03-31,1056,290000,Active,annual
Elijah Lambert,Elijah Lambert,elijah.lambert@example.com,+15555553318,1969-03-24,AM2302157,Americo,IUL,2020-08-01,161,715000,Active,monthly
Liam Henry,Liam Henry,liam.henry@example.com,+15555555148,1955-07-15,BA2901178,Banner Life,Mortgage Protection,2023-05-22,156,340000,Lapsed,quarterly
Shawn Chapman,Shawn Chapman,shawn.chapman@example.com,+15555552159,1982-11-27,AM1227713,Americo,Whole Life,2026-05-29,117,50000,Pending,monthly
Dominic Freeman,Dominic Freeman,dominic.freeman@example.com,+15555552859,1958-06-18,AM6848795,American-Amicable,Term Life,2021-10-21,204,835000,Active,quarterly
Olivia Freeman,Olivia Freeman,olivia.freeman@example.com,+15555554044,1964-08-15,PR7262119,Prudential,Mortgage Protection,2021-02-28,69,110000,Active,monthly
Stephen Evans,Stephen Evans,stephen.evans@example.com,+15555553799,1961-10-07,FO4458546,Foresters,Mortgage Protection,2026-10-10,36,230000,Active,monthly
Owen Hughes,Owen Hughes,owen.hughes@example.com,+15555554588,1964-01-02,BA6484598,Banner Life,Whole Life,2022-03-08,99,230000,Active,monthly
Laura Reyes,Laura Reyes,laura.reyes@example.com,+15555556447,1959-12-01,PR1004966,Prudential,Accidental,2021-04-22,23,100000,Active,monthly
Nancy Jones,Nancy Jones,nancy.jones@example.com,+15555550181,1990-10-27,AM9864999,American-Amicable,Mortgage Protection,2026-07-05,90,165000,Active,monthly
Fiona Nelson,Fiona Nelson,fiona.nelson@example.com,+15555550155,1994-08-10,PR8653216,Prudential,Whole Life,2024-10-12,153,90000,Active,monthly
Greg Ramirez,Greg Ramirez,greg.ramirez@example.com,+15555557789,1969-11-24,BA8263796,Banner Life,Whole Life,2026-10-24,134,265000,Active,monthly
Charlotte Cole,Charlotte Cole,charlotte.cole@example.com,+15555554749,1980-08-31,MU1459083,Mutual of Omaha,Whole Life,2024-06-10,73,110000,Active,monthly
Jasmine Thompson,Jasmine Thompson,jasmine.thompson@example.com,+15555555546,1993-06-11,MU8432086,Mutual of Omaha,Whole Life,2022-01-20,210,120000,Active,monthly
Alex West,Alex West,alex.west@example.com,+15555551226,1960-10-22,PR5368978,Prudential,Whole Life,2022-10-04,118,185000,Active,monthly
Luke Bryant,Luke Bryant,luke.bryant@example.com,+15555552065,1989-12-22,PR6011594,Prudential,Mortgage Protection,2023-12-26,53,315000,Active,monthly
Randy Cole,Randy Cole,randy.cole@example.com,+15555551060,1974-07-19,PR8219936,Prudential,Term Life,2021-03-25,68,635000,Active,monthly
Justin Schmidt,Justin Schmidt,justin.schmidt@example.com,+15555556728,1968-11-20,MU3534669,Mutual of Omaha,Mortgage Protection,2019-10-28,59,240000,Active,monthly
Edward Bennett,Edward Bennett,edward.bennett@example.com,+15555556596,1981-03-20,MU4739620,Mutual of Omaha,Mortgage Protection,2021-05-31,45,280000,Pending,monthly
Michael Taylor,Michael Taylor,michael.taylor@example.com,+15555559894,1982-01-19,AM1424283,American-Amicable,IUL,2026-07-30,264,215000,Active,monthly
Evan Morgan,Evan Morgan,evan.morgan@example.com,+15555551153,1983-05-08,FO5546315,Foresters,Whole Life,2022-10-24,984,255000,Active,annual
Margaret Morris,Margaret Morris,margaret.morris@example.com,+15555552694,1962-04-20,AM6994036,Americo,Term Life,2024-06-18,101,845000,Active,monthly
Megan Stone,Megan Stone,megan.stone@example.com,+15555558424,1983-12-20,AM1148932,American-Amicable,Whole Life,2022-05-24,111,255000,Active,monthly
Steven Moore,Steven Moore,steven.moore@example.com,+15555556731,1960-12-16,AM7448151,Americo,Accidental,2026-09-28,39,55000,Active,quarterly
Albert Matthews,Albert Matthews,albert.matthews@example.com,+15555553374,1982-11-17,AM6947008,Americo,Whole Life,2021-09-03,172,215000,Active,monthly
Sara Torres,Sara Torres,sara.torres@example.com,+15555554783,1990-05-17,MU5881477,Mutual of Omaha,Mortgage Protection,2020-10-20,68,395000,Active,monthly
Alfred Murphy,Alfred Murphy,alfred.murphy@example.com,+15555551344,1984-06-13,FO9230703,Foresters,Whole Life,2022-11-13,199,175000,Active,monthly
Taylor White,Taylor White,taylor.white@example.com,+15555550201,1985-01-24,BA3279488,Banner Life,Mortgage Protection,2024-11-25,237,125000,Lapsed,quarterly
Erin Hudson,Erin Hudson,erin.hudson@example.com,+15555558546,1993-01-11,AM1180803,Americo,Mortgage Protection,2023-09-26,111,275000,Active,quarterly
Helen Patel,Helen Patel,helen.patel@example.com,+15555557011,1957-11-24,AM7518282,Americo,Term Life,2025-10-06,68,535000,Active,monthly
Isabella Reyes,Isabella Reyes,isabella.reyes@example.com,+15555552266,1973-05-01,TR9868721,Transamerica,Term Life,2019-05-05,65,660000,Active,monthly
Lisa Clark,Lisa Clark,lisa.clark@example.com,+15555550410,1964-09-28,JO6364582,John Hancock,Mortgage Protection,2022-10-29,540,250000,Active,annual
Susan Reynolds,Susan Reynolds,susan.reynolds@example.com,+15555550164,1970-03-25,TR6256491,Transamerica,IUL,2020-10-15,252,750000,Active,monthly
Renee Adams,Renee Adams,renee.adams@example.com,+15555555869,1981-11-01,TR3475738,Transamerica,Mortgage Protection,2025-10-22,165,165000,Active,quarterly
Christopher Wells,Christopher Wells,christopher.wells@example.com,+15555550874,1988-08-20,BA4196776,Banner Life,Mortgage Protection,2020-05-16,1008,360000,Active,annual
Carl Hansen,Carl Hansen,carl.hansen@example.com,+15555550133,1982-09-23,AI9399723,AIG,Whole Life,2025-05-25,60,80000,Lapsed,monthly
Norman Hunt,Norman Hunt,norman.hunt@example.com,+15555553801,1995-10-07,AM6432861,American-Amicable,Whole Life,2020-03-16,1692,285000,Active,annual
Ronald Jordan,Ronald Jordan,ronald.jordan@example.com,+15555550322,1985-10-07,AM5575135,Americo,Mortgage Protection,2019-06-26,72,285000,Active,monthly
Steven Hansen,Steven Hansen,steven.hansen@example.com,+15555559127,1957-04-24,AM4598657,Americo,Term Life,2020-10-07,564,905000,Active,annual
Sydney Campbell,Sydney Campbell,sydney.campbell@example.com,+15555554526,1967-12-11,AM7331199,American-Amicable,Mortgage Protection,2022-09-06,86,310000,Active,monthly
Adam Lopez,Adam Lopez,adam.lopez@example.com,+15555557904,1962-09-08,AM6218700,American-Amicable,IUL,2019-05-26,771,830000,Active,quarterly
Jasmine Mason,Jasmine Mason,jasmine.mason@example.com,+15555551711,1986-02-16,FO9887763,Foresters,Term Life,2023-05-17,95,515000,Active,monthly
Glenn Allen,Glenn Allen,glenn.allen@example.com,+15555551859,1978-11-07,JO7708153,John Hancock,Whole Life,2024-09-06,189,300000,Active,monthly
Joshua Freeman,Joshua Freeman,joshua.freeman@example.com,+15555551415,1980-08-31,AM6355300,Americo,Mortgage Protection,2024-04-07,40,215000,Active,monthly
Chris Jenkins,Chris Jenkins,chris.jenkins@example.com,+15555553393,1974-12-25,MU3372799,Mutual of Omaha,Whole Life,2022-02-16,185,275000,Active,monthly
William Foster,William Foster,william.foster@example.com,+15555554051,1969-11-13,FO5734909,Foresters,Accidental,2021-10-30,24,50000,Active,monthly
Matthew Meyer,Matthew Meyer,matthew.meyer@example.com,+15555555880,1960-01-28,AM3409052,Americo,Whole Life,2020-07-24,83,55000,Active,monthly
Sara Simmons,Sara Simmons,sara.simmons@example.com,+15555550904,1972-05-08,JO5918315,John Hancock,Mortgage Protection,2024-10-04,35,285000,Active,monthly
Valerie Rice,Valerie Rice,valerie.rice@example.com,+15555553467,1985-09-29,AI6903947,AIG,Mortgage Protection,2020-06-02,528,95000,Active,annual
Tracy Rice,Tracy Rice,tracy.rice@example.com,+15555553833,1970-12-16,MU2687864,Mutual of Omaha,IUL,2025-11-16,304,675000,Active,monthly
Cameron Nichols,Cameron Nichols,cameron.nichols@example.com,+15555550974,1980-08-03,AI1835145,AIG,IUL,2025-11-11,138,225000,Pending,monthly
Avery Black,Avery Black,avery.black@example.com,+15555555670,1985-09-28,AI7716532,AIG,Whole Life,2026-02-14,1284,280000,Active,annual
Douglas Gomez,Douglas Gomez,douglas.gomez@example.com,+15555553997,1956-08-02,FO1070932,Foresters,Mortgage Protection,2022-06-29,162,295000,Active,quarterly
Angela Hunt,Angela Hunt,angela.hunt@example.com,+15555559922,1955-10-24,AI3567917,AIG,Whole Life,2026-04-27,2472,155000,Pending,annual
George Davis,George Davis,george.davis@example.com,+15555559001,1967-10-08,AM6370220,Americo,Term Life,2026-06-22,82,470000,Active,monthly
Lauren Morris,Lauren Morris,lauren.morris@example.com,+15555551067,1987-09-02,AI6696241,AIG,Whole Life,2023-07-03,169,60000,Active,monthly
Frank Davis,Frank Davis,frank.davis@example.com,+15555553329,1983-05-23,FO8382544,Foresters,Whole Life,2022-10-02,216,290000,Active,monthly
Frank Wallace,Frank Wallace,frank.wallace@example.com,+15555553959,1980-12-12,AM4446355,American-Amicable,IUL,2022-10-31,199,915000,Active,monthly
Caleb Marshall,Caleb Marshall,caleb.marshall@example.com,+15555554794,1979-11-06,MU4648066,Mutual of Omaha,Accidental,2025-08-26,16,25000,Pending,monthly
Violet Campbell,Violet Campbell,violet.campbell@example.com,+15555554623,1959-07-31,MU9053732,Mutual of Omaha,Term Life,2021-05-31,57,410000,Active,monthly
Lillian Schneider,Lillian Schneider,lillian.schneider@example.com,+15555552285,1967-01-28,MU8597571,Mutual of Omaha,Mortgage Protection,2026-01-16,83,245000,Active,monthly
Ashley Ellis,Ashley Ellis,ashley.ellis@example.com,+15555559660,1990-04-24,AM3644469,Americo,Mortgage Protection,2023-05-01,246,125000,Active,quarterly
Kimberly Bennett,Kimberly Bennett,kimberly.bennett@example.com,+15555555263,1963-09-26,AI4552472,AIG,Mortgage Protection,2022-08-30,540,285000,Active,annual
Catherine Reyes,Catherine Reyes,catherine.reyes@example.com,+15555556641,1974-08-08,MU5235292,Mutual of Omaha,Mortgage Protection,2024-04-15,72,255000,Active,monthly
Peter Rice,Peter Rice,peter.rice@example.com,+15555554163,1982-11-19,AM1724804,Americo,Whole Life,2026-05-20,106,150000,Active,monthly
Paul Kim,Paul Kim,paul.kim@example.com,+15555553714,1980-12-20,TR1733548,Transamerica,Accidental,2025-05-12,66,90000,Active,quarterly
Travis Morgan,Travis Morgan,travis.morgan@example.com,+15555559992,1959-01-16,AM7217228,Americo,Term Life,2025-01-17,80,785000,Active,monthly
Elijah Pierce,Elijah Pierce,elijah.pierce@example.com,+15555559798,1992-11-20,BA5937211,Banner Life,Accidental,2020-04-04,19,95000,Pending,monthly
Rachel Schneider,Rachel Schneider,rachel.schneider@example.com,+15555554833,1991-06-10,PR8023030,Prudential,Term Life,2022-11-04,82,755000,Active,monthly
Carter Adams,Carter Adams,carter.adams@example.com,+15555554888,1956-03-27,BA1534880,Banner Life,Mortgage Protection,2025-05-23,147,255000,Active,quarterly
Shirley Winters,Shirley Winters,shirley.winters@example.com,+15555551241,1974-01-19,AM7026121,Americo,Term Life,2019-09-11,61,665000,Active,monthly
Olivia Mason,Olivia Mason,olivia.mason@example.com,+15555559349,1982-01-09,FO6105778,Foresters,Whole Life,2024-07-22,77,295000,Active,monthly
Ruth Collins,Ruth Collins,ruth.collins@example.com,+15555552643,1967-07-17,MU5001039,Mutual of Omaha,Mortgage Protection,2025-02-22,69,295000,Active,monthly
Emma Oliver,Emma Oliver,emma.oliver@example.com,+15555554722,1975-08-21,AI8119755,AIG,Whole Life,2023-02-01,65,120000,Pending,monthly
Catherine Myers,Catherine Myers,catherine.myers@example.com,+15555553343,1987-03-29,AM9612943,Americo,IUL,2024-11-11,320,760000,Active,monthly
Bryan Brown,Bryan Brown,bryan.brown@example.com,+15555553020,1965-05-12,FO2937283,Foresters,Whole Life,2020-05-08,88,265000,Active,monthly
Harold Burns,Harold Burns,harold.burns@example.com,+15555558315,1973-03-07,MU8417619,Mutual of Omaha,Term Life,2024-10-22,46,435000,Active,monthly
Jack Collins,Jack Collins,jack.collins@example.com,+15555557131,1981-01-14,AM1809461,Americo,Term Life,2020-10-13,159,430000,Active,quarterly
Teresa Simmons,Teresa Simmons,teresa.simmons@example.com,+15555553508,1986-01-15,MU4861480,Mutual of Omaha,Accidental,2023-11-25,312,100000,Active,annual
Hailey Hill,Hailey Hill,hailey.hill@example.com,+15555550915,1973-06-17,MU4878013,Mutual of Omaha,Accidental,2019-07-03,99,95000,Active,quarterly
Caleb Gardner,Caleb Gardner,caleb.gardner@example.com,+15555555345,1963-08-14,AM9281561,Americo,Mortgage Protection,2026-11-09,63,60000,Active,monthly
Arthur Rose,Arthur Rose,arthur.rose@example.com,+15555558606,1971-08-29,AM1175288,Americo,IUL,2020-07-11,150,820000,Active,monthly
Hunter Jackson,Hunter Jackson,hunter.jackson@example.com,+15555551320,1968-08-15,AI2905523,AIG,Mortgage Protection,2023-03-06,52,195000,Active,monthly
Leslie Porter,Leslie Porter,leslie.porter@example.com,+15555555712,1966-12-18,PR4624259,Prudential,Term Life,2025-01-24,102,790000,Active,monthly
Allen Marshall,Allen Marshall,allen.marshall@example.com,+15555559404,1980-04-17,MU9851653,Mutual of Omaha,IUL,2025-09-04,396,495000,Active,quarterly
Violet Torres,Violet Torres,violet.torres@example.com,+15555558113,1990-09-01,AM9038525,Americo,Mortgage Protection,2021-12-14,76,310000,Pending,monthly
Donna Hamilton,Donna Hamilton,donna.hamilton@example.com,+15555558739,1982-01-12,AM7128861,Americo,Term Life,2019-11-06,51,480000,Lapsed,monthly
Christina McDonald,Christina McDonald,christina.mcdonald@example.com,+15555552764,1995-10-16,MU6122310,Mutual of Omaha,Whole Life,2022-12-02,780,65000,Pending,annual
Elijah Ward,Elijah Ward,elijah.ward@example.com,+15555558941,1956-03-07,AM5636684,Americo,Mortgage Protection,2024-09-02,56,260000,Active,monthly
Carter Davis,Carter Davis,carter.davis@example.com,+15555557092,1973-11-27,MU3470461,Mutual of Omaha,Mortgage Protection,2021-12-22,216,65000,Active,quarterly
Dylan Simpson,Dylan Simpson,dylan.simpson@example.com,+15555550599,1966-08-01,MU5165283,Mutual of Omaha,Mortgage Protection,2023-11-26,816,60000,Active,annual
Raymond Rose,Raymond Rose,raymond.rose@example.com,+15555559599,1959-02-20,AM6568454,American-Amicable,IUL,2025-09-01,223,300000,Active,monthly
Fiona Thomas,Fiona Thomas,fiona.thomas@example.com,+15555554776,1956-03-10,PR3395443,Prudential,IUL,2019-08-08,3192,500000,Active,annual
Susan Morris,Susan Morris,susan.morris@example.com,+15555559459,1987-11-30,BA9792385,Banner Life,Whole Life,2024-05-07,2028,280000,Pending,annual
Keith Henry,Keith Henry,keith.henry@example.com,+15555553709,1990-01-10,AM4898577,American-Amicable,Whole Life,2025-08-13,2568,185000,Pending,annual
Dylan Hernandez,Dylan Hernandez,dylan.hernandez@example.com,+15555556620,1971-08-20,MU5408980,Mutual of Omaha,Term Life,2022-12-31,69,430000,Active,monthly
Stephen Washington,Stephen Washington,stephen.washington@example.com,+15555550207,1972-07-28,JO3136720,John Hancock,Mortgage Protection,2026-05-01,79,260000,Active,monthly
Michael Evans,Michael Evans,michael.evans@example.com,+15555551803,1987-12-01,FO1575586,Foresters,Whole Life,2023-09-15,174,255000,Active,monthly
Grace Pierce,Grace Pierce,grace.pierce@example.com,+15555557753,1968-04-16,AM7462533,American-Amicable,Accidental,2025-10-10,168,80000,Active,annual
Robert Patterson,Robert Patterson,robert.patterson@example.com,+15555556404,1991-10-06,FO4340178,Foresters,Mortgage Protection,2024-09-14,80,345000,Active,monthly
Stephen Wilson,Stephen Wilson,stephen.wilson@example.com,+15555551004,1966-12-12,MU7119302,Mutual of Omaha,Term Life,2021-04-30,63,585000,Active,monthly
Elijah Matthews,Elijah Matthews,elijah.matthews@example.com,+15555552892,1978-04-26,MU8641353,Mutual of Omaha,Mortgage Protection,2025-06-04,32,200000,Lapsed,monthly
Evelyn Rivera,Evelyn Rivera,evelyn.rivera@example.com,+15555554891,1993-06-06,AM7240939,American-Amicable,Whole Life,2025-02-09,231,50000,Active,quarterly
Patricia Cox,Patricia Cox,patricia.cox@example.com,+15555554206,1988-09-11,AM7308336,American-Amicable,Whole Life,2022-02-07,103,285000,Active,monthly
Kayla Castro,Kayla Castro,kayla.castro@example.com,+15555555516,1995-01-11,PR1851980,Prudential,Whole Life,2024-11-30,84,100000,Active,monthly
Olivia Davis,Olivia Davis,olivia.davis@example.com,+15555554264,1977-07-22,MU9060975,Mutual of Omaha,Mortgage Protection,2022-05-02,39,315000,Active,monthly
Dorothy Russell,Dorothy Russell,dorothy.russell@example.com,+15555559557,1959-12-31,FO9867586,Foresters,Mortgage Protection,2021-11-12,564,330000,Pending,annual
Patricia Powell,Patricia Powell,patricia.powell@example.com,+15555557653,1984-07-15,BA2509744,Banner Life,Term Life,2025-07-13,109,670000,Active,monthly
Dylan Price,Dylan Price,dylan.price@example.com,+15555554663,1957-10-23,AM3093543,Americo,Accidental,2024-10-06,408,70000,Active,annual
Dorothy Brown,Dorothy Brown,dorothy.brown@example.com,+15555559836,1969-08-31,AM1155741,American-Amicable,Whole Life,2023-07-16,188,295000,Active,monthly
Diane Garcia,Diane Garcia,diane.garcia@example.com,+15555558959,1977-06-28,FO5226262,Foresters,Whole Life,2019-04-24,270,275000,Active,quarterly
Nancy Franklin,Nancy Franklin,nancy.franklin@example.com,+15555557048,1970-11-04,BA7390691,Banner Life,Whole Life,2020-09-07,112,300000,Active,monthly
Ruth Gordon,Ruth Gordon,ruth.gordon@example.com,+15555551743,1969-09-18,AM1852779,Americo,Mortgage Protection,2020-02-27,86,280000,Active,monthly
Howard Jackson,Howard Jackson,howard.jackson@example.com,+15555556199,1990-07-13,FO3496941,Foresters,Accidental,2023-03-27,35,60000,Active,monthly
Liam Washington,Liam Washington,liam.washington@example.com,+15555552684,1964-10-09,AI3450755,AIG,Whole Life,2019-12-31,162,125000,Active,monthly
Norman Crawford,Norman Crawford,norman.crawford@example.com,+15555555070,1987-03-02,AM5647465,American-Amicable,Mortgage Protection,2019-08-08,85,365000,Pending,monthly
Brittany Sanchez,Brittany Sanchez,brittany.sanchez@example.com,+15555552527,1994-02-09,MU9388477,Mutual of Omaha,Whole Life,2021-01-25,153,130000,Pending,monthly
Tiffany Meyer,Tiffany Meyer,tiffany.meyer@example.com,+15555552217,1964-08-28,PR9905863,Prudential,Term Life,2020-01-25,106,470000,Active,monthly
Susan Ryan,Susan Ryan,susan.ryan@example.com,+15555552689,1968-03-16,AM7924856,American-Amicable,Term Life,2023-11-22,255,540000,Active,quarterly
David Weaver,David Weaver,david.weaver@example.com,+15555556870,1964-09-11,MU1226357,Mutual of Omaha,Term Life,2020-05-10,80,345000,Active,monthly
Greg Gardner,Greg Gardner,greg.gardner@example.com,+15555555362,1962-11-15,AM3209428,Americo,Mortgage Protection,2022-12-20,792,85000,Active,annual
Russell Davis,Russell Davis,russell.davis@example.com,+15555559232,1989-07-19,AM7453796,Americo,Whole Life,2022-10-07,91,290000,Lapsed,monthly
Vanessa Wood,Vanessa Wood,vanessa.wood@example.com,+15555553609,1968-01-13,AM6282353,Americo,Term Life,2020-02-29,81,660000,Lapsed,monthly
Samantha Johnson,Samantha Johnson,samantha.johnson@example.com,+15555550278,1962-06-10,AM9323654,Americo,Mortgage Protection,2025-04-13,66,265000,Active,monthly
Aiden Butler,Aiden Butler,aiden.butler@example.com,+15555551169,1980-12-02,MU8074418,Mutual of Omaha,IUL,2020-10-20,326,695000,Active,monthly
Grace Flores,Grace Flores,grace.flores@example.com,+15555551458,1969-01-30,AM3462030,Americo,Mortgage Protection,2022-06-10,174,375000,Active,quarterly
Sharon Bryant,Sharon Bryant,sharon.bryant@example.com,+15555552553,1992-12-28,BA6407035,Banner Life,Mortgage Protection,2023-01-31,34,260000,Active,monthly
James Myers,James Myers,james.myers@example.com,+15555555295,1974-01-17,FO2385646,Foresters,Whole Life,2019-04-27,261,270000,Lapsed,quarterly
Philip Thompson,Philip Thompson,philip.thompson@example.com,+15555553147,1958-09-02,AM5992239,Americo,Term Life,2022-05-02,984,840000,Active,annual
Arthur Stone,Arthur Stone,arthur.stone@example.com,+15555555087,1982-04-21,FO7501853,Foresters,Mortgage Protection,2024-05-17,76,265000,Active,monthly
Tracy Russell,Tracy Russell,tracy.russell@example.com,+15555559006,1956-12-08,AI9432691,AIG,Whole Life,2025-03-09,561,200000,Active,quarterly
Chris Russell,Chris Russell,chris.russell@example.com,+15555554801,1957-01-24,JO9108623,John Hancock,Term Life,2024-02-08,110,590000,Active,monthly
Laura Knight,Laura Knight,laura.knight@example.com,+15555557165,1982-08-28,MU8221678,Mutual of Omaha,Accidental,2022-02-17,19,75000,Active,monthly
Mike Lane,Mike Lane,mike.lane@example.com,+15555559183,1991-08-22,TR4394555,Transamerica,Whole Life,2025-02-15,112,230000,Active,monthly
Peter Adams,Peter Adams,peter.adams@example.com,+15555555227,1992-01-31,AM9743111,Americo,IUL,2019-06-16,942,860000,Active,quarterly
James Lee,James Lee,james.lee@example.com,+15555553949,1965-07-03,FO6438872,Foresters,Mortgage Protection,2022-12-11,86,75000,Active,monthly
Logan Washington,Logan Washington,logan.washington@example.com,+15555551672,1983-07-07,AM1271526,Americo,Mortgage Protection,2022-04-02,780,345000,Active,annual
Diana Robinson,Diana Robinson,diana.robinson@example.com,+15555555288,1972-08-05,TR8211424,Transamerica,Whole Life,2025-07-06,495,105000,Pending,quarterly
Carol Black,Carol Black,carol.black@example.com,+15555555650,1995-09-25,AM3972083,Americo,IUL,2026-01-23,2940,820000,Active,annual
Sean Matthews,Sean Matthews,sean.matthews@example.com,+15555550465,1977-09-24,AI9572684,AIG,Whole Life,2021-04-05,74,295000,Active,monthly
Greg Powell,Greg Powell,greg.powell@example.com,+15555557288,1986-05-26,JO9900570,John Hancock,Term Life,2019-10-18,58,860000,Active,monthly
Zachary Murphy,Zachary Murphy,zachary.murphy@example.com,+15555557217,1992-01-16,FO8273750,Foresters,IUL,2026-07-23,705,455000,Lapsed,quarterly
Cindy Hunter,Cindy Hunter,cindy.hunter@example.com,+15555557385,1995-07-24,JO9003397,John Hancock,Mortgage Protection,2020-03-05,57,130000,Active,monthly
Evan Webb,Evan Webb,evan.webb@example.com,+15555554454,1984-12-14,AM8956347,American-Amicable,Term Life,2024-10-01,99,580000,Pending,monthly
Karen Gibson,Karen Gibson,karen.gibson@example.com,+15555557512,1982-06-27,TR7117600,Transamerica,Term Life,2021-07-16,99,650000,Lapsed,monthly
Jeffrey Cooper,Jeffrey Cooper,jeffrey.cooper@example.com,+15555551560,1965-02-12,BA5152822,Banner Life,Whole Life,2022-07-18,197,170000,Active,monthly
Cody Rivera,Cody Rivera,cody.rivera@example.com,+15555550115,1989-07-02,MU7970841,Mutual of Omaha,Mortgage Protection,2024-08-08,52,125000,Active,monthly
Violet Anderson,Violet Anderson,violet.anderson@example.com,+15555558693,1987-02-25,AM6286150,Americo,Accidental,2019-06-15,32,100000,Active,monthly
Alex Murphy,Alex Murphy,alex.murphy@example.com,+15555555239,1970-09-03,FO4550567,Foresters,Term Life,2025-06-15,35,820000,Active,monthly
Scott Richardson,Scott Richardson,scott.richardson@example.com,+15555556003,1957-11-15,JO7760522,John Hancock,IUL,2019-05-31,218,755000,Active,monthly
Aiden Murray,Aiden Murray,aiden.murray@example.com,+15555557610,1988-02-12,AM2774463,American-Amicable,Term Life,2020-10-12,84,310000,Active,quarterly
Emily Sullivan,Emily Sullivan,emily.sullivan@example.com,+15555559991,1957-01-20,BA1736266,Banner Life,Term Life,2021-05-30,71,400000,Active,monthly
Melissa Ross,Melissa Ross,melissa.ross@example.com,+15555556280,1989-01-09,FO8325939,Foresters,Mortgage Protection,2020-04-29,88,180000,Active,monthly
Helen Mitchell,Helen Mitchell,helen.mitchell@example.com,+15555553231,1976-12-29,FO7072123,Foresters,Whole Life,2025-01-11,76,85000,Active,monthly
Kayla Vasquez,Kayla Vasquez,kayla.vasquez@example.com,+15555552041,1984-11-30,AI6664590,AIG,Whole Life,2026-09-24,79,160000,Active,monthly
Lawrence Cooper,Lawrence Cooper,lawrence.cooper@example.com,+15555558867,1956-06-03,MU2266749,Mutual of Omaha,Whole Life,2025-08-09,243,50000,Active,quarterly
Victor Patel,Victor Patel,victor.patel@example.com,+15555555743,1991-08-06,MU9828137,Mutual of Omaha,IUL,2020-02-05,3576,790000,Lapsed,annual
Mason Bennett,Mason Bennett,mason.bennett@example.com,+15555550701,1970-02-03,AM1396926,American-Amicable,Mortgage Protection,2019-10-22,74,365000,Active,monthly
Oscar Ramirez,Oscar Ramirez,oscar.ramirez@example.com,+15555558589,1995-02-20,FO2432422,Foresters,Mortgage Protection,2020-04-04,51,245000,Active,monthly
Stephanie Sanchez,Stephanie Sanchez,stephanie.sanchez@example.com,+15555552189,1975-06-09,AM9117563,Americo,Term Life,2024-09-07,40,845000,Lapsed,monthly
Adrian Sims,Adrian Sims,adrian.sims@example.com,+15555551937,1988-08-26,AM4671418,American-Amicable,Mortgage Protection,2026-04-10,55,60000,Active,monthly
Ruth Thompson,Ruth Thompson,ruth.thompson@example.com,+15555557241,1981-02-09,TR2661690,Transamerica,Term Life,2026-01-03,91,620000,Active,monthly
Gary Underwood,Gary Underwood,gary.underwood@example.com,+15555557000,1973-03-04,PR9317217,Prudential,Whole Life,2024-12-07,172,90000,Pending,monthly
Joyce Yang,Joyce Yang,joyce.yang@example.com,+15555551950,1992-03-03,JO7170855,John Hancock,IUL,2019-05-05,3012,710000,Active,annual
Sandra Morris,Sandra Morris,sandra.morris@example.com,+15555551432,1971-07-05,AM3718746,Americo,Mortgage Protection,2022-11-02,73,275000,Pending,monthly
Steven Lambert,Steven Lambert,steven.lambert@example.com,+15555557207,1991-03-26,AM4196844,American-Amicable,Mortgage Protection,2022-09-28,768,100000,Active,annual
Nicole Washington,Nicole Washington,nicole.washington@example.com,+15555553161,1977-03-31,MU9951111,Mutual of Omaha,Whole Life,2023-02-13,113,50000,Active,monthly
Glenn Martin,Glenn Martin,glenn.martin@example.com,+15555550525,1993-01-16,AM1734735,Americo,Accidental,2022-07-30,30,80000,Active,monthly
Leslie Yang,Leslie Yang,leslie.yang@example.com,+15555556328,1978-10-19,MU7770634,Mutual of Omaha,Whole Life,2022-06-02,402,240000,Active,quarterly
Dylan Owens,Dylan Owens,dylan.owens@example.com,+15555551736,1976-09-20,AM9813949,Americo,Mortgage Protection,2026-01-06,45,50000,Active,monthly
Margaret Winters,Margaret Winters,margaret.winters@example.com,+15555559498,1995-01-15,MU2214548,Mutual of Omaha,Mortgage Protection,2026-02-04,53,220000,Lapsed,monthly
Logan Freeman,Logan Freeman,logan.freeman@example.com,+15555552988,1987-05-05,JO5979528,John Hancock,IUL,2019-12-22,347,255000,Active,monthly
Bruce Carter,Bruce Carter,bruce.carter@example.com,+15555553348,1955-05-11,AM1835709,Americo,Mortgage Protection,2021-01-04,43,260000,Active,monthly
Ian Torres,Ian Torres,ian.torres@example.com,+15555558337,1975-09-04,AM7292141,Americo,Term Life,2023-11-22,89,975000,Active,monthly
Greg Nelson,Greg Nelson,greg.nelson@example.com,+15555550366,1974-03-07,BA9702599,Banner Life,Whole Life,2022-11-16,204,95000,Active,monthly
Richard Wright,Richard Wright,richard.wright@example.com,+15555557844,1992-01-27,AM7101715,American-Amicable,Mortgage Protection,2024-02-14,74,295000,Active,monthly
Julia Sullivan,Julia Sullivan,julia.sullivan@example.com,+15555553770,1968-01-26,AI1965624,AIG,Whole Life,2019-03-06,2112,170000,Lapsed,annual
Roger Lowe,Roger Lowe,roger.lowe@example.com,+15555557752,1964-02-13,TR7013381,Transamerica,Mortgage Protection,2019-07-03,73,135000,Pending,monthly
Jane Freeman,Jane Freeman,jane.freeman@example.com,+15555551623,1966-02-01,BA7802496,Banner Life,Whole Life,2024-09-07,195,245000,Active,monthly
Avery Martinez,Avery Martinez,avery.martinez@example.com,+15555553310,1994-10-16,JO8461769,John Hancock,Accidental,2022-04-04,17,45000,Active,monthly
Natalie Kennedy,Natalie Kennedy,natalie.kennedy@example.com,+15555550621,1988-09-04,AI5253787,AIG,Whole Life,2020-10-24,203,140000,Active,monthly
James Kennedy,James Kennedy,james.kennedy@example.com,+15555553844,1967-05-29,MU5137429,Mutual of Omaha,Term Life,2025-06-20,55,710000,Active,monthly
Glenn Shaw,Glenn Shaw,glenn.shaw@example.com,+15555559238,1955-09-10,AM8330361,Americo,IUL,2024-10-30,3084,290000,Active,annual
Emma Flores,Emma Flores,emma.flores@example.com,+15555552128,1983-12-18,AM8871539,American-Amicable,Term Life,2026-11-15,104,790000,Active,monthly
Michelle Hunt,Michelle Hunt,michelle.hunt@example.com,+15555552382,1982-07-21,MU3761864,Mutual of Omaha,Accidental,2024-10-20,60,15000,Active,quarterly
Jill Jones,Jill Jones,jill.jones@example.com,+15555558437,1960-02-17,AI2506454,AIG,Whole Life,2022-04-28,2568,85000,Active,annual
Scott Phillips,Scott Phillips,scott.phillips@example.com,+15555555848,1987-09-15,MU5285734,Mutual of Omaha,Whole Life,2019-08-24,189,220000,Active,monthly
Sydney Russell,Sydney Russell,sydney.russell@example.com,+15555557539,1962-09-09,AM6008788,Americo,Mortgage Protection,2021-03-31,62,185000,Active,monthly
Sara Harrison,Sara Harrison,sara.harrison@example.com,+15555558303,1986-03-08,PR1841573,Prudential,Mortgage Protection,2019-03-13,468,185000,Active,annual
Travis Pierce,Travis Pierce,travis.pierce@example.com,+15555552081,1965-07-07,PR4951584,Prudential,IUL,2024-07-26,453,365000,Active,quarterly
Olivia Elliott,Olivia Elliott,olivia.elliott@example.com,+15555552894,1963-10-21,FO8741667,Foresters,Mortgage Protection,2021-12-24,82,90000,Active,monthly
Bruce Black,Bruce Black,bruce.black@example.com,+15555553387,1982-11-29,AM1912522,Americo,Whole Life,2022-10-28,219,100000,Active,monthly
Randy Bennett,Randy Bennett,randy.bennett@example.com,+15555552671,1981-06-07,AM9525200,American-Amicable,Mortgage Protection,2024-03-21,225,220000,Active,quarterly
George Ross,George Ross,george.ross@example.com,+15555554471,1985-09-16,AM8063602,Americo,Term Life,2019-08-30,540,875000,Active,annual
Samantha Morgan,Samantha Morgan,samantha.morgan@example.com,+15555555366,1978-12-27,TR2496981,Transamerica,Whole Life,2026-07-13,171,85000,Active,monthly
Shawn Sanchez,Shawn Sanchez,shawn.sanchez@example.com,+15555552836,1978-10-10,MU4342444,Mutual of Omaha,Whole Life,2019-08-07,654,155000,Lapsed,quarterly
Andre Patel,Andre Patel,andre.patel@example.com,+15555553301,1968-07-02,MU9727446,Mutual of Omaha,Accidental,2024-04-18,28,80000,Active,monthly
David Kelly,David Kelly,david.kelly@example.com,+15555550469,1966-06-11,FO4452296,Foresters,Whole Life,2024-07-09,153,160000,Active,monthly
Sophia Lee,Sophia Lee,sophia.lee@example.com,+15555553180,1961-01-25,MU5052653,Mutual of Omaha,Whole Life,2021-11-07,573,50000,Active,quarterly
Fiona Graham,Fiona Graham,fiona.graham@example.com,+15555553846,1985-07-05,BA9862030,Banner Life,Mortgage Protection,2024-12-03,612,165000,Pending,annual
Caroline Miller,Caroline Miller,caroline.miller@example.com,+15555556297,1963-12-19,AM4074288,American-Amicable,Whole Life,2025-07-24,88,205000,Active,monthly
Ian Ellis,Ian Ellis,ian.ellis@example.com,+15555554125,1988-08-22,TR9806143,Transamerica,Mortgage Protection,2019-04-01,864,240000,Active,annual
Aiden Moore,Aiden Moore,aiden.moore@example.com,+15555558528,1974-04-14,FO1159660,Foresters,Whole Life,2026-07-01,60,115000,Pending,monthly
Aiden Gomez,Aiden Gomez,aiden.gomez@example.com,+15555556853,1964-08-16,AM8284757,American-Amicable,Mortgage Protection,2019-02-24,39,240000,Active,monthly
Tiffany Lopez,Tiffany Lopez,tiffany.lopez@example.com,+15555550338,1991-07-30,MU5441703,Mutual of Omaha,Mortgage Protection,2023-02-05,65,295000,Active,monthly
Aiden Thompson,Aiden Thompson,aiden.thompson@example.com,+15555552260,1978-04-19,MU6063619,Mutual of Omaha,Term Life,2026-11-22,51,870000,Active,monthly
Mason Palmer,Mason Palmer,mason.palmer@example.com,+15555556376,1965-12-03,JO4818978,John Hancock,Mortgage Protection,2025-06-25,138,280000,Active,quarterly
Lori Parker,Lori Parker,lori.parker@example.com,+15555554866,1969-09-20,AM9674102,American-Amicable,Mortgage Protection,2026-12-04,75,355000,Active,monthly
Greg Lane,Greg Lane,greg.lane@example.com,+15555556278,1966-03-15,MU1955667,Mutual of Omaha,IUL,2019-09-29,729,925000,Active,quarterly
Hannah Lane,Hannah Lane,hannah.lane@example.com,+15555553972,1994-09-20,FO4413202,Foresters,Term Life,2023-08-01,156,445000,Lapsed,quarterly
Jessica Scott,Jessica Scott,jessica.scott@example.com,+15555553965,1976-08-06,AM5281583,American-Amicable,Mortgage Protection,2019-10-29,84,120000,Active,monthly
Caleb Mason,Caleb Mason,caleb.mason@example.com,+15555553270,1983-09-06,MU8343541,Mutual of Omaha,IUL,2023-04-23,285,505000,Active,monthly
Ralph Porter,Ralph Porter,ralph.porter@example.com,+15555557845,1975-03-25,MU1992157,Mutual of Omaha,Accidental,2023-11-16,34,40000,Active,monthly
Beth Freeman,Beth Freeman,beth.freeman@example.com,+15555551034,1984-07-12,MU9293366,Mutual of Omaha,IUL,2020-02-29,332,950000,Active,monthly
Hailey Jackson,Hailey Jackson,hailey.jackson@example.com,+15555551112,1977-04-14,FO3048452,Foresters,Mortgage Protection,2019-12-28,53,110000,Lapsed,monthly
Ralph Henry,Ralph Henry,ralph.henry@example.com,+15555559926,1958-10-27,TR9856550,Transamerica,IUL,2023-05-26,322,545000,Pending,monthly
Molly Murphy,Molly Murphy,molly.murphy@example.com,+15555551144,1993-01-24,AM7177150,American-Amicable,Term Life,2024-10-18,108,625000,Active,monthly
Alex Schmidt,Alex Schmidt,alex.schmidt@example.com,+15555557493,1985-06-23,FO9392590,Foresters,Mortgage Protection,2021-03-24,68,205000,Pending,monthly
Joshua Bailey,Joshua Bailey,joshua.bailey@example.com,+15555550107,1988-01-28,AM9870561,American-Amicable,Term Life,2021-06-15,213,350000,Active,quarterly
Aiden Sanchez,Aiden Sanchez,aiden.sanchez@example.com,+15555555469,1978-05-23,AM4026607,American-Amicable,Mortgage Protection,2021-09-21,147,255000,Active,quarterly
Sydney Vasquez,Sydney Vasquez,sydney.vasquez@example.com,+15555554553,1963-06-15,BA3386621,Banner Life,IUL,2026-08-30,347,885000,Active,monthly
Donald Snyder,Donald Snyder,donald.snyder@example.com,+15555550272,1966-08-31,FO4649349,Foresters,Term Life,2025-12-28,39,615000,Active,monthly
Elijah Mitchell,Elijah Mitchell,elijah.mitchell@example.com,+15555555718,1958-02-21,PR3748888,Prudential,Accidental,2026-04-22,240,70000,Active,annual
Leo Reyes,Leo Reyes,leo.reyes@example.com,+15555552708,1974-02-04,MU9917188,Mutual of Omaha,Whole Life,2019-12-31,120,220000,Lapsed,monthly
Jack Palmer,Jack Palmer,jack.palmer@example.com,+15555559226,1964-05-11,AM5746548,Americo,Mortgage Protection,2022-12-28,828,200000,Active,annual
Carlos Kelly,Carlos Kelly,carlos.kelly@example.com,+15555558268,1984-04-14,MU6252120,Mutual of Omaha,Mortgage Protection,2025-08-02,54,365000,Active,monthly
Heather Baker,Heather Baker,heather.baker@example.com,+15555555385,1971-03-16,AM9934409,Americo,Term Life,2024-07-30,102,305000,Pending,quarterly
Janet Graham,Janet Graham,janet.graham@example.com,+15555557029,1971-01-19,FO3841769,Foresters,Mortgage Protection,2024-01-17,68,325000,Active,monthly
Lawrence West,Lawrence West,lawrence.west@example.com,+15555558791,1960-02-27,TR4632906,Transamerica,IUL,2023-07-24,945,465000,Active,quarterly
Elizabeth Sullivan,Elizabeth Sullivan,elizabeth.sullivan@example.com,+15555553453,1988-12-26,BA9639380,Banner Life,Mortgage Protection,2022-12-08,67,400000,Lapsed,monthly
Nicholas Stewart,Nicholas Stewart,nicholas.stewart@example.com,+15555558825,1994-04-26,AM1928100,American-Amicable,Mortgage Protection,2021-08-21,46,165000,Lapsed,monthly
Samantha Weaver,Samantha Weaver,samantha.weaver@example.com,+15555556491,1960-04-27,TR9363827,Transamerica,IUL,2026-02-13,999,380000,Active,quarterly
Shawn Hunt,Shawn Hunt,shawn.hunt@example.com,+15555559254,1966-03-03,FO1671674,Foresters,Mortgage Protection,2023-04-09,222,385000,Lapsed,quarterly
Kenneth Peterson,Kenneth Peterson,kenneth.peterson@example.com,+15555559777,1974-07-02,FO3499605,Foresters,Whole Life,2021-07-22,99,95000,Lapsed,monthly
Isaac Morgan,Isaac Morgan,isaac.morgan@example.com,+15555558429,1969-04-26,MU9480938,Mutual of Omaha,Mortgage Protection,2021-02-19,72,100000,Active,monthly
Daniel Harris,Daniel Harris,daniel.harris@example.com,+15555551530,1986-03-03,AM7296838,American-Amicable,Accidental,2021-10-02,19,65000,Active,monthly
Beth Oliver,Beth Oliver,beth.oliver@example.com,+15555559191,1968-04-29,AM9738826,American-Amicable,Mortgage Protection,2021-07-10,864,375000,Active,annual
Wayne Newman,Wayne Newman,wayne.newman@example.com,+15555554160,1991-01-09,TR5771273,Transamerica,Term Life,2021-08-28,84,435000,Pending,quarterly
Timothy Bailey,Timothy Bailey,timothy.bailey@example.com,+15555558964,1965-08-22,AM1593899,Americo,Accidental,2022-01-01,20,30000,Lapsed,monthly
Eugene Hayes,Eugene Hayes,eugene.hayes@example.com,+15555554957,1980-07-15,AM7704280,Americo,Term Life,2025-08-01,42,805000,Active,monthly
Elizabeth Nguyen,Elizabeth Nguyen,elizabeth.nguyen@example.com,+15555559658,1960-05-27,AM7960341,Americo,Whole Life,2026-11-01,122,85000,Active,monthly
Wayne Richardson,Wayne Richardson,wayne.richardson@example.com,+15555555600,1977-09-30,FO9642858,Foresters,Accidental,2023-06-17,32,100000,Active,monthly
Steven Hill,Steven Hill,steven.hill@example.com,+15555557770,1985-12-27,MU3517960,Mutual of Omaha,Accidental,2026-06-30,25,65000,Active,monthly
Brian Cook,Brian Cook,brian.cook@example.com,+15555552355,1965-02-18,AM4899628,American-Amicable,Term Life,2023-08-04,32,775000,Active,monthly
Patricia Newman,Patricia Newman,patricia.newman@example.com,+15555554283,1989-09-15,MU4712193,Mutual of Omaha,Mortgage Protection,2022-12-27,72,315000,Active,monthly
Cameron Green,Cameron Green,cameron.green@example.com,+15555555871,1959-02-22,AM1552838,Americo,Mortgage Protection,2021-09-20,89,290000,Active,monthly
Danielle Tucker,Danielle Tucker,danielle.tucker@example.com,+15555554665,1956-03-03,AM6754098,Americo,Whole Life,2020-09-04,185,190000,Active,monthly
Ruth Cook,Ruth Cook,ruth.cook@example.com,+15555551585,1974-04-09,MU4446360,Mutual of Omaha,Term Life,2019-01-17,94,855000,Pending,monthly
William Bell,William Bell,william.bell@example.com,+15555558970,1989-10-19,AM1620361,Americo,Term Life,2023-10-15,1116,395000,Active,annual
Edward Thompson,Edward Thompson,edward.thompson@example.com,+15555559119,1977-02-17,FO6189690,Foresters,Mortgage Protection,2026-01-14,81,340000,Active,monthly
Avery Edwards,Avery Edwards,avery.edwards@example.com,+15555551938,1981-05-12,BA5053289,Banner Life,Term Life,2024-06-06,285,700000,Pending,quarterly
Todd Winters,Todd Winters,todd.winters@example.com,+15555553082,1971-05-18,BA5157951,Banner Life,IUL,2026-03-17,233,715000,Active,monthly
Russell Ramirez,Russell Ramirez,russell.ramirez@example.com,+15555552497,1986-05-12,JO2560819,John Hancock,Term Life,2025-09-24,90,970000,Pending,quarterly
Karen Ford,Karen Ford,karen.ford@example.com,+15555552168,1956-09-20,AM5491890,Americo,Mortgage Protection,2023-09-11,41,80000,Active,monthly
Stephen Cooper,Stephen Cooper,stephen.cooper@example.com,+15555554358,1969-10-31,FO3416510,Foresters,Term Life,2023-08-09,83,590000,Lapsed,monthly
Carl Nichols,Carl Nichols,carl.nichols@example.com,+15555559756,1967-02-21,MU8097879,Mutual of Omaha,Whole Life,2021-11-24,134,65000,Lapsed,monthly
Donna Lawrence,Donna Lawrence,donna.lawrence@example.com,+15555555719,1975-05-05,AM4659546,Americo,Mortgage Protection,2022-03-30,34,75000,Active,monthly
Craig Hunter,Craig Hunter,craig.hunter@example.com,+15555554014,1955-03-10,FO1647914,Foresters,Whole Life,2019-11-05,630,160000,Active,quarterly
Elaine Smith,Elaine Smith,elaine.smith@example.com,+15555559264,1960-03-11,AI9094737,AIG,Whole Life,2024-05-20,162,75000,Active,monthly
Janet Collins,Janet Collins,janet.collins@example.com,+15555557192,1987-04-10,MU7579619,Mutual of Omaha,Mortgage Protection,2019-12-04,141,95000,Active,quarterly
Linda Palmer,Linda Palmer,linda.palmer@example.com,+15555552364,1961-02-15,AM7292517,American-Amicable,Mortgage Protection,2023-01-12,240,285000,Active,quarterly
Tony Patel,Tony Patel,tony.patel@example.com,+15555556430,1963-03-09,AM8096240,American-Amicable,Mortgage Protection,2025-04-24,144,70000,Active,quarterly
Connor Murray,Connor Murray,connor.murray@example.com,+15555556574,1966-06-07,AM4588947,Americo,Mortgage Protection,2024-01-25,43,380000,Active,monthly
Arthur Winters,Arthur Winters,arthur.winters@example.com,+15555553251,1982-04-05,MU9166649,Mutual of Omaha,IUL,2026-10-20,309,340000,Active,monthly
Harper Palmer,Harper Palmer,harper.palmer@example.com,+15555558336,1961-01-12,AI3085710,AIG,Mortgage Protection,2024-02-22,168,85000,Active,quarterly
Kyle Martinez,Kyle Martinez,kyle.martinez@example.com,+15555553664,1977-06-15,FO4525343,Foresters,Mortgage Protection,2022-08-16,76,200000,Active,monthly
Renee Wright,Renee Wright,renee.wright@example.com,+15555558478,1966-07-18,AM1650116,Americo,Whole Life,2026-03-19,90,145000,Active,monthly
Jennifer Snyder,Jennifer Snyder,jennifer.snyder@example.com,+15555558267,1955-04-09,MU2672445,Mutual of Omaha,Whole Life,2022-09-21,80,245000,Active,monthly
Heather Dixon,Heather Dixon,heather.dixon@example.com,+15555552414,1959-12-26,BA4915100,Banner Life,Mortgage Protection,2022-11-30,47,55000,Active,monthly
Catherine Scott,Catherine Scott,catherine.scott@example.com,+15555552339,1963-01-03,MU8873701,Mutual of Omaha,Mortgage Protection,2023-12-25,360,125000,Active,annual
Jeremy Watson,Jeremy Watson,jeremy.watson@example.com,+15555559843,1992-12-21,AM5279221,Americo,Mortgage Protection,2021-11-01,65,135000,Active,monthly
Hailey Moore,Hailey Moore,hailey.moore@example.com,+15555555350,1960-03-31,AM7160484,Americo,Whole Life,2023-05-27,147,240000,Pending,monthly
Mark Gonzalez,Mark Gonzalez,mark.gonzalez@example.com,+15555555451,1991-10-07,AM9906664,American-Amicable,Mortgage Protection,2019-10-07,31,165000,Lapsed,monthly
Brian Martin,Brian Martin,brian.martin@example.com,+15555551652,1983-03-16,MU5329790,Mutual of Omaha,Mortgage Protection,2022-09-11,1080,195000,Pending,annual
Susan Long,Susan Long,susan.long@example.com,+15555558010,1961-03-31,AM4727239,Americo,Accidental,2020-02-12,27,60000,Active,monthly
Peter Harrison,Peter Harrison,peter.harrison@example.com,+15555559785,1980-11-24,PR7944241,Prudential,Mortgage Protection,2022-11-02,840,125000,Pending,annual
Jennifer Clark,Jennifer Clark,jennifer.clark@example.com,+15555551178,1982-09-05,PR8436379,Prudential,Mortgage Protection,2025-07-28,756,100000,Active,annual
Aaron Webb,Aaron Webb,aaron.webb@example.com,+15555553275,1981-07-14,MU7332086,Mutual of Omaha,Accidental,2021-06-05,34,25000,Active,monthly
Violet Winters,Violet Winters,violet.winters@example.com,+15555552796,1966-04-08,JO9495145,John Hancock,Mortgage Protection,2025-05-09,85,225000,Active,monthly
Sharon Morgan,Sharon Morgan,sharon.morgan@example.com,+15555559633,1966-05-17,BA1587195,Banner Life,Accidental,2023-04-10,19,50000,Active,monthly
Glenn Diaz,Glenn Diaz,glenn.diaz@example.com,+15555555496,1987-05-16,AM2130222,American-Amicable,Accidental,2026-02-19,105,90000,Active,quarterly
Michael Parker,Michael Parker,michael.parker@example.com,+15555551457,1955-11-23,MU3569066,Mutual of Omaha,Mortgage Protection,2024-12-15,47,65000,Lapsed,monthly
Sophia Baker,Sophia Baker,sophia.baker@example.com,+15555556392,1988-03-15,AM4333918,American-Amicable,IUL,2024-03-13,462,735000,Active,quarterly
Caleb Vasquez,Caleb Vasquez,caleb.vasquez@example.com,+15555555329,1962-04-08,FO4902820,Foresters,Whole Life,2024-02-02,148,65000,Active,monthly
Brian Diaz,Brian Diaz,brian.diaz@example.com,+15555557085,1992-05-12,AM3864168,American-Amicable,Whole Life,2021-12-14,185,95000,Active,monthly
Derek Hernandez,Derek Hernandez,derek.hernandez@example.com,+15555552819,1956-04-21,AM2979206,American-Amicable,Mortgage Protection,2022-04-23,76,275000,Active,monthly
Aaron Lewis,Aaron Lewis,aaron.lewis@example.com,+15555553764,1975-05-27,AM3244532,American-Amicable,Mortgage Protection,2026-07-27,53,335000,Active,monthly
Ethan Gardner,Ethan Gardner,ethan.gardner@example.com,+15555559682,1982-03-08,JO9954595,John Hancock,Mortgage Protection,2024-01-25,75,360000,Pending,monthly
Randy Butler,Randy Butler,randy.butler@example.com,+15555559025,1988-02-04,TR1259738,Transamerica,Mortgage Protection,2022-05-17,86,80000,Active,monthly
Bryan Porter,Bryan Porter,bryan.porter@example.com,+15555551237,1994-08-02,AM1206378,Americo,Mortgage Protection,2025-09-10,87,130000,Active,monthly
Holly Flores,Holly Flores,holly.flores@example.com,+15555553447,1968-11-03,BA4326670,Banner Life,Mortgage Protection,2023-12-28,87,350000,Active,monthly
Raymond Stevens,Raymond Stevens,raymond.stevens@example.com,+15555552907,1957-01-15,FO6710168,Foresters,Whole Life,2019-06-14,217,270000,Active,monthly
Brittany Turner,Brittany Turner,brittany.turner@example.com,+15555559080,1990-05-09,TR6880996,Transamerica,Whole Life,2021-12-05,101,130000,Active,monthly
Dorothy Lambert,Dorothy Lambert,dorothy.lambert@example.com,+15555559704,1976-04-30,AM8610349,Americo,Term Life,2019-05-06,41,455000,Active,monthly
Charles Cooper,Charles Cooper,charles.cooper@example.com,+15555556061,1956-04-17,AM5728990,American-Amicable,Mortgage Protection,2023-02-05,147,160000,Pending,quarterly
Taylor Wallace,Taylor Wallace,taylor.wallace@example.com,+15555558646,1956-06-30,FO2939756,Foresters,Mortgage Protection,2021-02-16,71,385000,Active,monthly
Paul Taylor,Paul Taylor,paul.taylor@example.com,+15555553138,1956-12-13,JO9630051,John Hancock,Mortgage Protection,2023-09-24,64,345000,Active,monthly
Elaine Black,Elaine Black,elaine.black@example.com,+15555555466,1987-07-19,JO6684352,John Hancock,Mortgage Protection,2026-12-24,900,370000,Pending,annual
Grace Hughes,Grace Hughes,grace.hughes@example.com,+15555557979,1978-02-02,MU3296704,Mutual of Omaha,Mortgage Protection,2021-04-30,58,80000,Lapsed,monthly
Dorothy Fox,Dorothy Fox,dorothy.fox@example.com,+15555554816,1978-07-20,AM3783223,American-Amicable,Mortgage Protection,2020-03-02,780,100000,Active,annual
Nicole Lewis,Nicole Lewis,nicole.lewis@example.com,+15555557371,1956-01-14,JO1394597,John Hancock,Term Life,2023-09-25,70,640000,Active,monthly
Victoria Davis,Victoria Davis,victoria.davis@example.com,+15555557712,1976-08-28,AM8446665,American-Amicable,Mortgage Protection,2025-10-13,87,80000,Active,monthly
Holly Reed,Holly Reed,holly.reed@example.com,+15555553206,1978-02-05,FO7941244,Foresters,Mortgage Protection,2021-05-06,68,100000,Active,monthly
Blake Lane,Blake Lane,blake.lane@example.com,+15555553392,1981-09-02,AM9670547,Americo,Term Life,2020-05-16,89,495000,Lapsed,monthly
Sara Burns,Sara Burns,sara.burns@example.com,+15555558950,1994-07-21,AI4045844,AIG,Mortgage Protection,2019-12-30,600,140000,Active,annual
Molly Tucker,Molly Tucker,molly.tucker@example.com,+15555557924,1985-12-12,PR6940320,Prudential,Term Life,2025-03-03,540,610000,Lapsed,annual
Victor Gomez,Victor Gomez,victor.gomez@example.com,+15555558515,1959-08-12,FO6251572,Foresters,Whole Life,2024-08-13,163,145000,Active,monthly
Ashley Henry,Ashley Henry,ashley.henry@example.com,+15555552577,1963-12-14,AM7464114,Americo,Term Life,2026-01-16,48,530000,Active,monthly
Gabriel Lawrence,Gabriel Lawrence,gabriel.lawrence@example.com,+15555558308,1967-03-08,FO7211872,Foresters,Mortgage Protection,2019-12-02,76,350000,Active,monthly
Roger Schmidt,Roger Schmidt,roger.schmidt@example.com,+15555554045,1990-01-03,TR2840686,Transamerica,IUL,2026-04-01,3900,480000,Active,annual
Allen Simmons,Allen Simmons,allen.simmons@example.com,+15555550659,1974-08-12,AM1970810,Americo,Whole Life,2026-04-15,77,210000,Active,monthly
Todd Wood,Todd Wood,todd.wood@example.com,+15555555045,1958-03-08,PR5059413,Prudential,Term Life,2024-11-28,64,670000,Active,monthly
Kimberly Graham,Kimberly Graham,kimberly.graham@example.com,+15555553420,1993-01-03,JO5963079,John Hancock,Whole Life,2023-02-06,111,140000,Active,monthly
Timothy Ramirez,Timothy Ramirez,timothy.ramirez@example.com,+15555554015,1986-03-01,AM1500302,Americo,Accidental,2022-06-18,20,60000,Active,monthly
Scott Simpson,Scott Simpson,scott.simpson@example.com,+15555550569,1981-04-21,AM1013995,American-Amicable,Term Life,2024-01-27,47,470000,Active,monthly
Norman Lambert,Norman Lambert,norman.lambert@example.com,+15555555120,1967-07-19,TR8933982,Transamerica,Accidental,2024-12-12,240,80000,Active,annual
Frank Cunningham,Frank Cunningham,frank.cunningham@example.com,+15555551604,1995-01-25,AI7339503,AIG,Accidental,2021-09-02,96,25000,Lapsed,quarterly
Nicole Schmidt,Nicole Schmidt,nicole.schmidt@example.com,+15555558346,1981-04-12,BA1521709,Banner Life,Accidental,2023-05-19,19,15000,Active,monthly
Steven Bailey,Steven Bailey,steven.bailey@example.com,+15555558968,1970-01-30,AM7667836,American-Amicable,Whole Life,2026-05-15,180,200000,Active,monthly
Andre West,Andre West,andre.west@example.com,+15555552002,1967-11-26,BA8290597,Banner Life,Accidental,2024-08-09,14,55000,Lapsed,monthly
Violet Gordon,Violet Gordon,violet.gordon@example.com,+15555558065,1969-05-07,TR1866583,Transamerica,Mortgage Protection,2023-06-16,33,90000,Active,monthly
Justin Anderson,Justin Anderson,justin.anderson@example.com,+15555559169,1963-08-12,PR8911252,Prudential,IUL,2019-11-19,147,280000,Active,monthly
Jessica Carter,Jessica Carter,jessica.carter@example.com,+15555556822,1979-07-24,AM5757444,American-Amicable,Term Life,2021-12-18,107,800000,Active,monthly
George Ryan,George Ryan,george.ryan@example.com,+15555552856,1963-07-04,PR3867881,Prudential,Whole Life,2024-10-24,216,90000,Lapsed,monthly
Stephanie Watson,Stephanie Watson,stephanie.watson@example.com,+15555559938,1973-11-21,AM3147668,American-Amicable,Term Life,2021-08-18,1200,965000,Active,annual
Liam Lowe,Liam Lowe,liam.lowe@example.com,+15555552692,1966-06-24,AM8256795,Americo,IUL,2024-10-13,166,310000,Active,monthly
Isabella Parker,Isabella Parker,isabella.parker@example.com,+15555557417,1995-06-26,JO8922632,John Hancock,IUL,2023-01-16,332,775000,Active,monthly
Cody Castro,Cody Castro,cody.castro@example.com,+15555553708,1957-07-30,AM5252434,Americo,Mortgage Protection,2023-03-16,88,350000,Active,monthly
Diane Owens,Diane Owens,diane.owens@example.com,+15555554270,1995-09-29,FO6045838,Foresters,Mortgage Protection,2021-11-19,237,135000,Active,quarterly
Vincent Black,Vincent Black,vincent.black@example.com,+15555556040,1994-11-29,AM9107362,Americo,Mortgage Protection,2024-08-05,33,200000,Active,monthly
Hannah Walker,Hannah Walker,hannah.walker@example.com,+15555550709,1991-03-17,AM8558910,Americo,IUL,2023-11-13,338,270000,Active,monthly
